question_id,corpus_scale_size,condition,hit_at_10,rank,document_recall,expected_doc_ids,retrieved_doc_ids,auditor,label_correct,failure_mode,notes
qst_0458,20000,raw,True,1,1.0,dsid_8cb8070d41604b67901e60da07713d92,dsid_8cb8070d41604b67901e60da07713d92|dsid_38a4af67314d46179ae4f3e7ff616661|dsid_9c7f8d6d2f2b4f0d9c2d3f6a1b8e4a21|dsid_bb14e2f3925b4e27829c4f3c1aea3af1|dsid_6ae2bb84d2cd44bd938bfd39988118fe|dsid_cdee7f73c79e441b8a490c88f5c92d0f|dsid_f151ee037d5a4f538e410ade668e6f20|dsid_c6c75a269f244f049faf5ba50fc6809b|dsid_d283ff2efa944227b3bcad9a4e3d28f4|dsid_f08d1bccc5694649acc2f6658df6181d,,,,
qst_0469,20000,raw,False,,0.0,dsid_c1a652436b2e4c949f5de9f5da227cd7,dsid_2a94754480884dd6a23c3080e4a98bef|dsid_3cc5c3ccd0d347399d5899df24abf24a|dsid_f3607e840a5b48579f663317559da8a3|dsid_a567be80957b4a9d9c25c4635a408c46|dsid_f3bfa55dffa442ef834731b7596981c1|dsid_273bd1e9118646e2b37f4d9b5069ae6a|dsid_5f5915a057044ac68e00f8ace4af3fec|dsid_29143df3cfa94d84bd0b33456fef2e53|dsid_abfb68dde21f4fd2aa7d70c472447f89|dsid_32844aadb47648b8984535236de585b8,,,,
qst_0333,20000,raw,True,1,1.0,dsid_100d6362c85946ab97758b63509bc182,dsid_100d6362c85946ab97758b63509bc182|dsid_ce2601ae1383462581f4a2c7f4e96ac9|dsid_d987557eae54485d8573a7fa18f511d6|dsid_b07abd6a88524179bb38ac4faa96218d|dsid_eb97954d8b564a5798c2feb074b4c36a|dsid_dac917c7aaa44e98b2b9e173b194995f|dsid_43ff702b9bbd47e9b526ab1248c5b59a|dsid_e611d79c110248d9853fb40b4be0e216|dsid_672bd385942a466798c7764d484e10d8|dsid_2b23d4d9b8cb4c548c7b9548ae0b148b,,,,
qst_0013,20000,raw,False,,0.0,dsid_8b08f13ec64b4c6883819c73a284d836,dsid_f1b208f3637e4987aeab371242a5bea5|dsid_4c4b6680cb0545b5862974eb24b625dd|dsid_4e5aa31e0f6f4fc49457f54b49297cd3|dsid_e77ca0e1d4774d73a7514a161736b8ee|dsid_5b66dcf51a5948238c3338be191bf03f|dsid_4492b2bdd60d4e58b2af3b1663761eca|dsid_3acf8313e62949d88c5801664db98085|dsid_27a24e49436c45bea326baab720020c2|dsid_cb349effaad34ab5b8b389caa640415a|dsid_cfe12a29fabb4cf7a8bf9b487c3b46e9,,,,
qst_0247,20000,raw,False,,0.0,dsid_cc2f84330d014d03b8c49f8e92063b07,dsid_e4b4f6ed0002435ea9a71db9df2edec2|dsid_ad9c632941ec4723bc61784fc1db1107|dsid_af98443aee2a40958ec637422da1e1aa|dsid_a6cf1ab07d78437ea175a0c5d1b5ef27|dsid_9ce1bcc0a4624347babdd3a1b432e089|dsid_065db81c66b24f309046241f830a2fb9|dsid_e48a368b032b4716a3549375435b140d|dsid_37dd2421fdc8455992273d100defcf4e|dsid_798cfd5f110e43e188e101daa941ea8c|dsid_2ebbaf34dd6e4ae9ab423f132daecd74,,,,
qst_0005,20000,raw,False,,0.0,dsid_4135d0353771426186fb9f159a693cd9,dsid_aebed18d091c4d4e85fab239928dba81|dsid_abcc021a2b124db2bb746618996a7c43|dsid_77c10c0717a74b3e8a3d9c110a72ed81|dsid_1570ffd6ad6149a9868d1e5ead67054a|dsid_0d441af040174dab96523372af028d41|dsid_16fd83ce960c401781004ca96ce79f9a|dsid_2d43fbb818c84277994fcf63554d706a|dsid_a377d48b744945678aa7449f5c566d32|dsid_fa79643c4fe4430395363b868d306267|dsid_7c0499a2aeb541e49c188f9449f4bbd5,,,,
qst_0146,20000,raw,True,1,1.0,dsid_7764c4d15ed141ecbeaaecf606098288,dsid_7764c4d15ed141ecbeaaecf606098288|dsid_acf5f72a112f4e8587670f711323631f|dsid_edee37fa987d449997ee50ae75960893|dsid_93341269a59840c2b18ebf10e3442b52|dsid_0200e0c4fa3f49a582e2ca77577f2458|dsid_ce5e949b9b8e443e9dd6f4e7447b2da5|dsid_a8f148b56b0f45d6a563f1714004b7cf|dsid_0c5ced3e9f6f4967b6a5752178a5b931|dsid_d4bf193be6ec46aca995d2698e0c65b3|dsid_3057efacea924814be7cf65629edff02,,,,
qst_0388,20000,raw,True,1,1.0,dsid_8c15ff526e00491e9ccbde5ef4a4458c,dsid_8c15ff526e00491e9ccbde5ef4a4458c|dsid_68fbf6106e38493e94a832e218fa14c1|dsid_3a80aad97dbe4bbaa3c4a4dd07f1bbf0|dsid_21f2be32745d4422ba1b0bab5da70708|dsid_60ac6e2164634ba48b8a62f296505d13|dsid_a88e2249e19347c7a7c592ba75f8485c|dsid_5ebe38b632e14df98216537bd1cfda54|dsid_df7b19a443ec4bc481cd41ff7b5b296c|dsid_daf0e9d28c7e4af5be5798daadb48084|dsid_4310564242a748688ea19bb35774fec0,,,,
qst_0419,20000,raw,True,3,1.0,dsid_113f5cc6931640c3b82adcc07142d829|dsid_db1c1f64721b468dafb35c2e0080a8f8,dsid_8455f73811764f528f615e8c756a6a6d|dsid_60dc80cde5f74230a0b9712729aa25fd|dsid_113f5cc6931640c3b82adcc07142d829|dsid_341ac11debe8414da11add133034348c|dsid_db1c1f64721b468dafb35c2e0080a8f8|dsid_53bdfa3af627437ab60d0788a3077b20|dsid_69e745b76aa34eab8721ba0c88482ec0|dsid_3c81f8e24b4249088037527b26919a9e|dsid_1ddb11c787854ce6a6be4a3b355b5c00|dsid_a111cc94dc2246d584a786f93e532163,,,,
qst_0223,20000,raw,True,1,1.0,dsid_62ff534dc35a425896b265216f94f69a,dsid_62ff534dc35a425896b265216f94f69a|dsid_c52afe7a417f41029fc540f37a007f72|dsid_c18a28f4a38f4c7d87a0a9e5bfe608db|dsid_075ad4b4603a48d19a3252ba85de9c09|dsid_5f884c5669194d698c0be56a1df92b33|dsid_d4b3c4c1d521464ea8a19437b59883eb|dsid_e41a54978c3b4d02ab0a833bd5ac7d64|dsid_7b144ffd26004361972a6a4bdd9f53e0|dsid_6799e45248c7460bb27e4bc4a4d125f1|dsid_bc4cbcfba8e44dc49cc76a5c8ac6278b,,,,
qst_0421,20000,raw,False,,0.0,dsid_9f2e6aa7f6c14b1db1c6f922a1d4b4d7|dsid_b8ab9778e36543159da49dba3ad9c76d,dsid_047bb863ddc649c39d128f0e8895a99d|dsid_5023e15201db462e901bc63346ace1b9|dsid_c8480dffff914485821c8e94bde8636d|dsid_494f029a213e41a98a78c3e77388f20b|dsid_2d409afb3a9348dca7330030ef785835|dsid_e845205e09e9421bb5085f642f0793e4|dsid_12d4ea106ec5474e871d3775cd12d211|dsid_00429ee10a5f4fb5ba510de6e5b07c98|dsid_ce12fd3bdccb450a937153e9a8c6bdfc|dsid_4e706f72d866488fb52bd772ab9ed919,,,,
qst_0068,20000,raw,False,,0.0,dsid_c7860fdbc17a48b0b6c5f9a0c5e3d054,dsid_92ec68ca017444b5b519138e83233e86|dsid_2e5b9b12ef284c208560be9ead3eb70a|dsid_597c74b32a18459f97cb27491c2d2a8c|dsid_1398f387677943a0b89096469e65700f|dsid_138a982ca16140a89152a5109f218dd4|dsid_ae991fda0ac94d24be4e70e4b90f6ee3|dsid_1ba0beceb8f04ac7baae70cc4276157d|dsid_4236e7bd48cc41b48d6098d4fe74996a|dsid_a8fe4823eada4d2880f3463ab787c747|dsid_e3a8f818817a40f498f8e03e40f91273,,,,
qst_0095,20000,raw,True,1,1.0,dsid_5fbf425415da4b7487f0ebbf289a39d6,dsid_5fbf425415da4b7487f0ebbf289a39d6|dsid_154edbf67d554f42adfcf6ec950b9039|dsid_5fe83b34767f49c49f0090f7311f0b91|dsid_8412db85d95a45f7bbfb14dacedb4d8b|dsid_03cae30f9ee547ccb1afc686420ed97a|dsid_87ab5ae8e94d4b9cabcef39b9bc78ef3|dsid_0ae5a2f22bd746b4a3c5554d3815b097|dsid_ac78c77b8aa042e9bc0a81b75f41df87|dsid_6a775d637a4b46f3807a712fd9bafba1|dsid_1bb9300d7f5940928dae0130e57ed75b,,,,
qst_0389,20000,raw,True,1,1.0,dsid_1d53445cc74b4d7db325cd585736f87f,dsid_1d53445cc74b4d7db325cd585736f87f|dsid_cef94f7fa67943d7a6bb9e0c6931c4a1|dsid_d9859f5502334195bfc4eda18fcf24cd|dsid_5063e033e98a4397b7f4de7416b6bca9|dsid_5bde50ca3ed94e0f97303a496c7d4da5|dsid_99d24d8bab264bce99e8ab40bc3edf43|dsid_a9d291a78fc749758e972678d5f667e6|dsid_7cf7259bd99a4ac588aacd521fd1600c|dsid_23ab0995fb2b4a43aabb89181270b7dd|dsid_456e37c950de48b49ec504feff97964e,,,,
qst_0470,20000,raw,False,,0.0,dsid_aea4790d4bcc45859208d7d705f682a1,dsid_b9e297649d16485e86f784f19aa68cd9|dsid_8b2af3be16044e55bdc648832778b95e|dsid_0eb597eb04e44ae2b8469088da1dc5cc|dsid_f2b4a2b546ce4cc98fe4a6dda30b9047|dsid_8941e18b540a4a5283be8f5ccbeb7f00|dsid_682e820b7f364e338b5098f8abf1f962|dsid_55283c10db114db0bd64651474372217|dsid_51a1da8951bb4fc7b6414ea9ba407afc|dsid_5ba55067880e4641b4a2b798f3b6172e|dsid_19caac517a234cb09446a9e347c69ea9,,,,
qst_0040,20000,raw,False,,0.0,dsid_b015d86d5dfd4334b402811e7fe509e8,dsid_43ecb807903f46848e8d099b6c8beb04|dsid_2bdebf14c5ba4015a1ed46fdb02308ea|dsid_492e331e8bb64d1f87caa7d81a648e08|dsid_cd4552e90b9f41a39ea24cd55f0858e4|dsid_9f1a620b33cd404bb428073949e30dc2|dsid_a44fd17dfe154b48b43c10b6f616a426|dsid_0a4a55f2b8c14ca0b023a34ff0945654|dsid_8fa452ab24ac4b0381e77899c115bd2e|dsid_bcb3aaffdc814cca8743392c5275119f|dsid_3441319b16484d119c30cc42f531ad6b,,,,
qst_0320,20000,raw,True,1,1.0,dsid_e052daca29064eb5ba2b1b0f046fbb84,dsid_e052daca29064eb5ba2b1b0f046fbb84|dsid_9f2c21abf61b4d75825e9ac7039fa760|dsid_b047451363d8493fbd69f316ed68f8be|dsid_85deb10a652742baaf28af6149600001|dsid_622d015ee083494eaefdb80d70b7638a|dsid_cedc0f4dd14d4eb79b87c2455495f502|dsid_6cf4f2ea40df4ff495887f6ccbe02b03|dsid_1016eb556bf847b385cd34fe5032cf37|dsid_333596a1506547f6a871584d939381a4|dsid_17d43ca7819e462aa924c46b23732683,,,,
qst_0401,20000,raw,True,1,1.0,dsid_f7dc91cc70e14c94a6215a13cd829cbf,dsid_f7dc91cc70e14c94a6215a13cd829cbf|dsid_f1af23ea1fd94966b59a7486d8c9f286|dsid_c11c3a1f707f4239a46aa647faa01230|dsid_f5545e84d0af43e38eebc77467015394|dsid_d36eb4801f674ebd8e9a44fb730b7555|dsid_f74d64df1f5c4e488ecbea4249dcef89|dsid_b1280f6db9fa45dd94b330b245f49743|dsid_4a36a039af454a628f68f69687fb915f|dsid_1b8b0b2437034bceb1f2a26e719e8411|dsid_9dad0a15f1dd47b1bbb5e823424cae44,,,,
qst_0050,20000,raw,False,,0.0,dsid_71541c628f0348cb8955b72503e3857e,dsid_089917448e654911bd186650ed12feb9|dsid_aaaf6ae3258d4fe2a6883f2cc58e7360|dsid_f1a3e4d11e274a22b0d5e646ad0ba9f8|dsid_2f7a68e86a124cc58be05391c7c5669c|dsid_3e7cf5be42d84f2880858c726b65998f|dsid_4ba68bb3a9924d1e8e3d8356aa3face4|dsid_3d4dbdd7d1d94ce49e7a8ced1630600a|dsid_be8d2802cf3245088a7e7f861f317b31|dsid_e8145cdf3b68404fa7c74145573931ed|dsid_d381ffd6c8904344bfe2771a9614fa66,,,,
qst_0228,20000,raw,True,1,1.0,dsid_e20c31eb5466411ab6c7be17d08d02f5,dsid_e20c31eb5466411ab6c7be17d08d02f5|dsid_eb415ca0c9ac49208ca007c2ff7c3793|dsid_fd3b4fca2d574954aef736c8ff2716d3|dsid_b6921e85d3ac4bb3aaaa91c881b38628|dsid_41a31c147be74442ac52c941598a4e12|dsid_00b8e76d1efc4dc5baa29de7b40abaa7|dsid_2eba9a68ec214de6afb9e9e59b0b5e17|dsid_6f370a214cf54b15bdeaaa46a9abb473|dsid_59cb294da8964683bb165a3bb615df71|dsid_b895385a65eb42d9be7e580dcfdd83e6,,,,
qst_0263,20000,raw,False,,0.0,dsid_061c09d8eef649eba85cd1421e28a41a,dsid_4a65d8864e4440c788ecb03970f6cd87|dsid_0be5b3eafb744671a8f21b6e4d01c814|dsid_d25966ae9e014249b55112ab16eec4e2|dsid_d80a588dad7845489cae9d33deedf84c|dsid_1fe08cbcfde7436c98d1aa29bc46404c|dsid_346ad8eaa906485aae8c09bf534c4ad1|dsid_48147d8287d04e928ecaf0bd7b35859a|dsid_2ea1c3a11fec4435909724f4169f6a48|dsid_d2859532604a487891f459422b88e9b6|dsid_12838aa454824aaa96c2e6158c47e4f6,,,,
qst_0395,20000,raw,True,5,1.0,dsid_5410b45665284cfcb01f72410fff33c4,dsid_c20d03994f2a4134bfee918cd4dcf6b5|dsid_70d8153a5f444e9f88a3f966ba41b2bc|dsid_35b4aa7e4edb477a8ba08356306cefdb|dsid_a9bba87064c84a519e6f4dd0b93caf2c|dsid_5410b45665284cfcb01f72410fff33c4|dsid_65b1185001344e50bc7d6bc5cb8114c9|dsid_2aae8d7502ed42978a47fe33743fabc7|dsid_e5fb4cc275d54687b0e397bde49f2044|dsid_1ec14de7270e49518904b03b9d6f3f51|dsid_a9f044700cb94f4bb3d94710d20a14b8,,,,
qst_0265,20000,raw,False,,0.0,dsid_876b1a31bcc7409ab560b9ccbe5a0d41,dsid_b127efa7f884490fb4704c90cc8f0592|dsid_02ae04b078dd456e825c2d2d5a87175c|dsid_7cf7259bd99a4ac588aacd521fd1600c|dsid_5ef9f435fc9d40be94e4d8ba2ab7c34c|dsid_2e39cd2d813b4399b28a20543130d48e|dsid_99d24d8bab264bce99e8ab40bc3edf43|dsid_d359f6ce7ff844bb99af3778212b4dd7|dsid_207f2f98c14e469c8bbc88be8f328f0a|dsid_32921ec75096466a8c41060f665bad3b|dsid_033bacd65ffc48c59ec27881b70af6a2,,,,
qst_0059,20000,raw,True,1,1.0,dsid_9a088141571b435f995568199ec4bcc9,dsid_9a088141571b435f995568199ec4bcc9|dsid_9763cd8b136a4808ab5bc7cfe8900319|dsid_c14d0841d94c4c07affce6d0d61963ad|dsid_98459454579f41c1bf4d34ceb17f2cbc|dsid_f77a5b2dcdce463f8411a579c6ce8bfa|dsid_8eec046429b44408ab1a039993a40d7a|dsid_8a9f6212493343ce9105c2117c59679f|dsid_ad57550860ab47bdb0dc86b7192ca8b8|dsid_e835be1872bf478ba58991f5b6f804e0|dsid_18d6b7f9d2614de284aa176dabf09bf7,,,,
qst_0208,20000,raw,False,,0.0,dsid_c336dcdf965d44b0bcf4c8e3930af440,dsid_8da3d17282e94f0e9b3f5d2edbf143ac|dsid_5ef618fee40741bb9fac512e2448e560|dsid_cc61e92d937e4b7dbc11aeae703c3af6|dsid_09b9eb1e827e4fbbb3186fc0b026257e|dsid_db75e45174e1428b83ff1ee63673bc01|dsid_1a4563b5332f41a499464ea69f92c9b0|dsid_7b0e8bac1ba04162b42c51724f47e561|dsid_cd0fa2a0dd234d718c5555bfe22641b1|dsid_edaab6fe812d4ffebb2c9f95d4b7237c|dsid_85a183c025574d05b5476634a6d67321,,,,
qst_0191,20000,raw,False,,0.0,dsid_ef7f1d5cba204b728e1f4d7cddda7daa,dsid_4b52a93a47474cb292df6a79917f97ff|dsid_872dd780a37c4e9791115a2f73f54d3d|dsid_096e4752a7ed47e680ddc1fe7d3488dc|dsid_21254993dc3540d187348e0451a8184a|dsid_1f4cdbb716f749bc877bf83396606d2a|dsid_2c13b489e5a34e1a9b485a3078e04692|dsid_6799e45248c7460bb27e4bc4a4d125f1|dsid_e9e9646d70df41e1813bf84634906671|dsid_863e329d65bc4786ab96cc27d5a663ab|dsid_a6242651cc144f53bc7fe653dddfc8de,,,,
qst_0018,20000,raw,True,2,1.0,dsid_1f81f208f51a4aacaca226109bbedc72,dsid_2cdceafd20b441c4adbfab6458850a91|dsid_1f81f208f51a4aacaca226109bbedc72|dsid_3ea4b2fd67b84a50a67232c8e3901431|dsid_a6c9456f85d642b8b134677c3117ec30|dsid_a949e9123faa4f8eb92bf852fa02d3ec|dsid_560af498b20d4e8ab56fecd6672dbf93|dsid_29dd5848f3334f789d14e3e40806bbb7|dsid_568e757465f44d1db10bf120f977a0c6|dsid_12b79504a19c4cc3933052b069258ead|dsid_3883358c4e3f4f23ba23f4f1c483c718,,,,
qst_0063,20000,raw,False,,0.0,dsid_15dd15bfbd0f42c485a9b5b9ace6a3d1,dsid_85a183c025574d05b5476634a6d67321|dsid_17b2c4684dd94f7cb5bab6843377fa9b|dsid_b07abd6a88524179bb38ac4faa96218d|dsid_210a57ff94fb4d17847579f469eb13c5|dsid_2a94754480884dd6a23c3080e4a98bef|dsid_3837cc58949a47b28bfc0132acc7d1f2|dsid_f3607e840a5b48579f663317559da8a3|dsid_3c69e5d0b7a6462d9c7d54f40dbb914d|dsid_4b0f5e573e5e4ce8bbbcf370c3ea7eaa|dsid_b6a61e65bd9f418ba45cee9ad4d3ae0d,,,,
qst_0405,20000,raw,True,1,1.0,dsid_9964e71da61e4a92bf3f53699cabbf95|dsid_b41df051e6dc46c48b36a99c366ee5c5,dsid_b41df051e6dc46c48b36a99c366ee5c5|dsid_aff9410980d24d0b8d8f2c467518e1c8|dsid_890c32b00b7b426a860ef5ad27e7ff88|dsid_0f278f10c5ef479297d8d9748493a40f|dsid_9964e71da61e4a92bf3f53699cabbf95|dsid_130d90134f4645f0a85310e680b2f3b3|dsid_9c8f2b7b5a1f49aa8c6b3a8bf84b5d29|dsid_fbfb47ada9c34095a0af889557fe5c24|dsid_b6e3fcd950ac4e06ae65d3640f1922cb|dsid_30ce3339ae2c41e8b5011ae8e824ef8c,,,,
qst_0373,20000,raw,True,2,0.6666666666666666,dsid_16996cd96c1c4fa1ab399cbc446b186f|dsid_5217b3a64c4a433c89ba2a3186dea82a|dsid_5324918997644ea090703e088b166214,dsid_9b30f5e9d84346fda6017553e8a78932|dsid_16996cd96c1c4fa1ab399cbc446b186f|dsid_5217b3a64c4a433c89ba2a3186dea82a|dsid_af06a77a9f6d4531a6d4780a914a092f|dsid_b9d6d8cbda2048beaee9ad1c017b77ed|dsid_e5fe3fd0cf444668a64970ec00818f46|dsid_863d0cda2c984154baad1973513ed3da|dsid_699c1e62f55643d1a344be92afe48dd3|dsid_c717ac269c124c5b95b02889ddc8b3d8|dsid_981f4a0281054f9aaaec7887156eebc4,,,,
qst_0251,20000,raw,False,,0.0,dsid_a15c0247e9de4e128293bd820fc4c659,dsid_a6123856d857425bb7419ea99b49e265|dsid_e611d79c110248d9853fb40b4be0e216|dsid_6bdbaca3a8d84301a2a4b920fdeca63b|dsid_1b045ff12d464795a380e87a2e0c63d8|dsid_7b0e8bac1ba04162b42c51724f47e561|dsid_f36ea02f62e5419a914ea30c7d767ca4|dsid_e14ed590be1446eab22173a1935901a7|dsid_c1b8950540b245e7b8612bf3ba34edb0|dsid_5fd8924b6eb3406fb4a89ba708673f01|dsid_a314058312384ca8bf9875f131adec05,,,,
qst_0074,20000,raw,False,,0.0,dsid_13a33311928a4555b16c654cb25251bf,dsid_f16b78ad1b264144adaf1b5b23bbab6f|dsid_f8a72f66222543b6ac85e769569e323c|dsid_9e79d5ba01da462481cbb88d7a57e961|dsid_f6cacffe1868416bacd30b34dcb5785a|dsid_6f43b58b97f94faa9870ee9e98a5fcf8|dsid_dc6fe843697c4b47bb88b6821be6f83d|dsid_a5a9408bd11342e3821c6042ab2bc77e|dsid_93cda027c3434492a3a2a70c908f49f1|dsid_9d0c48a52be94b598a54cfa682de7f51|dsid_8779ac72d6504759b701178632772f6c,,,,
qst_0322,20000,raw,True,1,1.0,dsid_bab6aba4c06e41e9ae46b9355f644a7a,dsid_bab6aba4c06e41e9ae46b9355f644a7a|dsid_d20e25a1a30b43f1beabb99439944366|dsid_4e412ae4e76a460e80698f944800c83f|dsid_dec3054a14fc45b5b12ac4003a8f4cfe|dsid_b07819bc4c374b859d9c6f8d7b3d4710|dsid_a87d74d7bd5d4fc5a435c3c75588535d|dsid_a1b373d473b14e118cf1df125b5e9084|dsid_14106824ac654eb3b84f5fea7d9fdf62|dsid_c3428cb151eb4ac99aeabde8b7c2146a|dsid_b0b54c3f1ad64297829cc512a0def920,,,,
qst_0017,20000,raw,False,,0.0,dsid_c83811391709468fa9534e6495c205e3,dsid_88158d925b9c41bb8a28c31f3eb2b69a|dsid_fcb476561f404b7cace29600db6e42a8|dsid_71b38fc679824d628a22e8d5fca706c6|dsid_a68703dc0ba4487f8e22fc1f8e57f17e|dsid_dae012aaa5f1467f90ab29c1c812bd94|dsid_cd0fa2a0dd234d718c5555bfe22641b1|dsid_486aab79369a43638272472d10b86cf2|dsid_4f4f5feda889488d87f2b2571d4fc0f3|dsid_b22a290e55814d17a5f380761574cffe|dsid_4f02cdbd5a6040beba49ac8d39233cc3,,,,
qst_0427,20000,raw,False,,0.0,dsid_86f033ed92b84f3a8b381d09b0b95357|dsid_d93aed75845e4a0b8126a80d8a7a5a41,dsid_45e2f8c92e6245c5b7bfd3e7e40ca83e|dsid_19c8ba4141a64e4aa80d5564c05471bd|dsid_fb110f4b8f5641d59bf4cabf64547814|dsid_f951f5090ffa48e1832dffe7b7a5a8c7|dsid_55b46d6ba7174b048ccca429a030c959|dsid_200c0d311412478dab2d58fc1957a761|dsid_69c691f9da554e3481325bb14450f2af|dsid_53ec8b3a00e74dd3a2d4b435f28de294|dsid_70a3e3d2e145483cac124f5b2dcf747e|dsid_b1073892ce1d4a12a2f816cdf9537767,,,,
qst_0225,20000,raw,True,9,1.0,dsid_d295b7207fec4a6fb656f3e2a565d4e6,dsid_15f2465418234f3f8ee342055ea2da10|dsid_2d6b0f454a5348cdb723444276889e52|dsid_71bd1d7070184f7b8f1f30b5d264baa1|dsid_5e9f6ee1760a48ab87f5b6d7f3b3d42f|dsid_b4aa9405dea0473f9183fefc80da6010|dsid_501628b4871243e4885162ee7d83d77e|dsid_42dcca8bc34646bb97d18cc9e69ff598|dsid_e48ea78f3a714d1ca6fa2233b9d5a792|dsid_d295b7207fec4a6fb656f3e2a565d4e6|dsid_1ae49c0037764e2cb27d9ec7523c9983,,,,
qst_0145,20000,raw,False,,0.0,dsid_182c34ee62c54118b48c1390e77cd3ba,dsid_a26a87858b164f5695a97539d266ee1f|dsid_af98443aee2a40958ec637422da1e1aa|dsid_a6cf1ab07d78437ea175a0c5d1b5ef27|dsid_97366bbb7b5548909ff02488883e0f55|dsid_166c5f6bb22c46359189d312bbbab9d0|dsid_ddb26e3adc714eb9a1f2c19554b23d12|dsid_e47c10f5903d46b2a1cd18a55b13f205|dsid_2a48e5ce13b94a85af598632d697f279|dsid_9c9bc642a6e14e42b8724513e823f26b|dsid_4a86122e3b6f4ef887cf2eb2194d0f68,,,,
qst_0242,20000,raw,False,,0.0,dsid_3fc14ed9048e4e1f861e0632b06fc39b,dsid_521ceaa63b844d85940cd637e799da97|dsid_73f4e1dea88c4fc1a39af9720187bfc3|dsid_0d7dfb6cd3c14f3585bab5c40c49f58e|dsid_b7f8adc1e56749938ac0fe666319bd33|dsid_9b199ee0d27242749095cda255f8bc3f|dsid_de37837952eb49caac8dfdfee476b287|dsid_39bb0b8d9425479ab7fcbd38cf0fd59a|dsid_03a61b2b31094c4d909de520ac49e75f|dsid_103357357a954070ae69ff623929ffd0|dsid_3c18e45fbc064bdeb056d94d621846f2,,,,
qst_0238,20000,raw,True,4,1.0,dsid_e528bed025b44f71bc37a54f5a9aefcd,dsid_bf8681ce9427455299245cb2ee67b4a0|dsid_e54ec48a2f3f4ff68589a34a7b387f79|dsid_89c0c31e220c4777b15c3c6ff0eff61d|dsid_e528bed025b44f71bc37a54f5a9aefcd|dsid_38711ba1d616421897b8581b5b11dec9|dsid_7a2cfe4b7e574e6995f33e64bbdbf426|dsid_cf726c5f56ac4cbd9d24adb6a00b14d7|dsid_1a90f55138ed43f4a928673dd0b36bee|dsid_0a02b625a9dd4681820dc542a99bc43b|dsid_a2bf755670ad44e09b42c11e9d73e5d3,,,,
qst_0372,20000,raw,True,1,0.75,dsid_0bebeaedbe794ec38ae1d6f4ddd5c2b6|dsid_5b0c65ca162a43a0938bebabe9b1d53f|dsid_617d538c79334f4b9ddfd5c50c05ee4b|dsid_ae455bffe226412c9973991ef2d34a72,dsid_0bebeaedbe794ec38ae1d6f4ddd5c2b6|dsid_d64fe6f2351b47f18078da6f81c92e5c|dsid_d84bdbf7547f4feab122ed2f99e23782|dsid_617d538c79334f4b9ddfd5c50c05ee4b|dsid_ae455bffe226412c9973991ef2d34a72|dsid_2d0330be987e4163bfd9c42c69bc1e40|dsid_7c3f4d86fb7745d6a53212720ea94500|dsid_4dd746b32bdc4e3da10f06458070d812|dsid_5ebbf7f66fe1432faa44de5d31cbd66f|dsid_4b214b6f919a4970bc2efce2044c1e71,,,,
