row_id,question_id,corpus_scale_size,condition,auto_hit_at_10,gold_id_in_top10,gold_answers_question,human_label_correct,human_failure_mode,answer_span,human_notes,cost_usd
1,qst_0002::metadata,20000,raw,False,False,True,y,,Organizer: Markus Klein (Redwood),The gold document correctly identifies Markus Klein as the internal organizer for the meeting in question.,0.023038
2,qst_0002::metadata,100000,raw,False,False,True,y,,Organizer: Markus Klein (Redwood),The gold document correctly identifies Markus Klein as the internal organizer for the meeting in question.,0.022898
3,qst_0003::metadata,5000,raw,True,True,True,y,,Short timeline requested by Facilities: prefer completion before holiday break.,"The gold document provides the due date as before the holiday break, which answers the question.",0.009067
4,qst_0010::metadata,5000,meta,True,True,True,y,,Irene Choi - Provide updated list of GPU SKU strings seen in fleet (incl. MIG suffixes) and confirm detection fallback when ambiguous - Due 2025-12-04,The gold document answers the question by providing the due date for Irene Choi's action item.,0.022245
5,qst_0010::metadata,40000,raw,False,False,False,y,,,The gold document does not mention any due date for Irene Choi's action item.,0.021517
6,qst_0016::basic,40000,meta,False,False,True,y,,"Access expirations are enforced: default 30 days for contractor requests, 90 days for internal hires unless renewed.","The gold document specifies the default expiration period for contractor access as 30 days, which answers the question.",0.01265
7,qst_0024::metadata,15000,raw,True,True,True,y,,This checklist defines the required verification steps after rotating production secrets to ensure all consumers have updated and service health is stable.,The gold document directly answers the question by providing verification steps after rotating production credentials.,0.008682
8,qst_0025::metadata,75000,raw,False,False,True,y,,Dedicated cluster: dedicated-prod-us-east-2 (rwid-13b-v2 pinned).,The gold document specifies the production environment as 'dedicated-prod-us-east-2'.,0.011195
9,qst_0036::basic,20000,raw,False,False,True,y,,Define telemetry and SLI/alert thresholds to detect degraded emission reliability.,The gold document specifies telemetry events and alert thresholds for monitoring degraded emissions.,0.012425
10,qst_0038::metadata,40000,meta,True,True,True,y,,"This PR adds a low-overhead queue-depth counter set, a periodic sampling probe for the scheduler hot path, NVTX range helpers for correlating samples to kernel submissions, and a small microbenchmark/harness and dashboard for triage.",The gold document clearly answers the question by detailing the base branch of the merged PR that added GPU queue depth metrics and a scheduler sampling probe.,0.009683
11,qst_0041::metadata,50000,meta,False,False,False,y,,,"The gold document does not specify a forecasted deal closure month, making the MISS fair.",0.010138
12,qst_0044::metadata,25000,meta,False,False,False,y,,,The gold document does not mention the sales owner for the account.,0.01038
13,qst_0048::metadata,10000,meta,True,True,True,y,,Target merge to runtime main by 2025-03-14.,The gold document clearly states the release version target date for the P0 ticket.,0.009728
14,qst_0053::metadata,40000,raw,False,False,True,y,,Duration: 58 min,"The gold document specifies the call duration as 58 minutes, which answers the question.",0.022195
15,qst_0054::metadata,100000,raw,False,False,False,y,,,The gold document does not list an owner for the draft internal notes document.,0.012105
16,qst_0056::metadata,25000,raw,False,False,False,y,,,"The auto Hit@10 is consistent with the gold_id_in_top10, and the gold document does not answer the question about a document modified in March 2026.",0.01295
17,qst_0063::metadata,100000,meta,False,False,False,y,,,"The gold document does not mention a sales owner, making the MISS fair.",0.00919
18,qst_0068::metadata,50000,meta,False,False,False,y,,,"The auto Hit@10 is consistent with the gold_id_in_top10, and the gold document does not answer the question about the assigned solutions engineer.",0.01012
19,qst_0069::metadata,10000,meta,False,False,False,y,,,The gold document does not mention a solutions engineer assigned to the account.,0.010805
20,qst_0069::metadata,50000,raw,False,False,False,y,,,The gold document does not mention the solutions engineer assigned to the account.,0.010515
21,qst_0079::basic,75000,raw,False,False,True,y,,Risk mitigation suggestion: propose 10% reserved burst for their peak windows and enable KV prefix caching on main inference route.,The gold document provides a clear mitigation strategy for the healthcare customer's inference timeouts.,0.010185
22,qst_0084::metadata,5000,raw,False,False,False,y,,,The gold document does not provide a forecasted close month for the prospect owned by Alex Martinez.,0.009303
23,qst_0085::basic,10000,raw,False,False,True,y,,"We can give product teams a set of interaction tiers (micro, standard, deep) tied to routing policies, response shapes, and model variants so they can opt-in per route.","The gold document clearly outlines the three tiers: micro, standard, and deep.",0.011507
24,qst_0091::metadata,20000,raw,False,False,False,y,,,The gold document does not mention any account updated in mid March 2026 with a forecast close month of May 2026.,0.011625
25,qst_0096::metadata,75000,raw,False,False,False,y,,,"The gold document does not provide an SLA due date, making the MISS fair.",0.010747
26,qst_0144::basic,15000,meta,False,False,True,y,,continuous batching reduced median token latency by ~8% on our p99 test set,The gold document confirms the median latency improvement of ~8% due to continuous batching.,0.011525
27,qst_0144::basic,40000,meta,False,False,True,y,,continuous batching reduced median token latency by ~8% on our p99 test set,The gold document confirms an 8% median latency improvement due to continuous batching.,0.011298
28,qst_0150::basic,50000,raw,False,False,True,y,,"For expired keys, rotate and confirm permission scopes: scopes must include: [inference:invoke, metrics:read].",The gold document provides the required permission scopes for an API key when facing a 401 error.,0.01403
29,qst_0156::basic,50000,raw,False,False,True,y,,"propose composite health score: [latency P95, token drop rate, perplexity regression]. Thresholds: green<0.6, amber 0.6-0.8, red>0.8","The gold document provides the composite health score thresholds for green, amber, and red states.",0.013633
30,qst_0166::basic,20000,raw,False,False,True,y,,Procurement: our timeline target is an agreement signed by end of Q1 2027 if benchmarks and security checks align.,The gold document clearly states the procurement target date as the end of Q1 2027.,0.013745
31,qst_0166::basic,25000,meta,False,False,True,y,,Procurement: our timeline target is an agreement signed by end of Q1 2027 if benchmarks and security checks align.,The gold document clearly states the procurement target date as the end of Q1 2027.,0.014142
32,qst_0166::basic,50000,raw,False,False,True,y,,Procurement: our timeline target is an agreement signed by end of Q1 2027 if benchmarks and security checks align.,The gold document clearly states the procurement target date as the end of Q1 2027.,0.01367
33,qst_0166::basic,75000,meta,False,False,True,y,,Procurement: our timeline target is an agreement signed by end of Q1 2027 if benchmarks and security checks align.,"The gold document clearly states the procurement target date as the end of Q1 2027, which answers the question.",0.014133
34,qst_0200::semantic,25000,raw,False,False,True,y,,"Throughput target: 12 concurrent triage sessions, average 40 tokens/response, target p95 token latency per token <= 90ms (end-to-end p95 for a 200-token response <= 18s)",The gold document specifies the end-to-end response time target for a 200-token response under peak load.,0.01253
35,qst_0204::semantic,5000,meta,False,False,True,y,,Run 2-week Hosted API POC with parity test suite; prepare Dedicated pricing proposal and capacity options; schedule security QA kickoff.,The gold document outlines immediate follow-up actions for the SaaS trial and deployment plan.,0.01063
36,qst_0208::semantic,15000,raw,False,False,True,y,,"Reserved throughput to handle baseline + 3x burst for peak (target baseline 600 reqs/sec, burst to 1800 reqs/sec for 60s windows).",The gold document specifies the burst traffic level and duration requested by the customer.,0.010273
37,qst_0209::semantic,100000,raw,False,False,True,y,,POC success criteria: consistent first-token latency <250ms at 50 concurrent small sessions; error rate <1%; cost estimate for 10k messages/month.,The gold document provides the first-response-time target and concurrent-load threshold for the trial.,0.00963
38,qst_0213::semantic,40000,meta,False,False,True,y,,Provide 14-day trial API keys + 50M free tokens for benchmark.,"The gold document outlines a plan for a time-limited evaluation with a large free usage allowance, matching the question's requirements.",0.009963
39,qst_0224::semantic,75000,raw,False,False,True,y,,"Also re: examples that reference ""user_email"" we should switch to ""actor_id"" to avoid showing emails in docs.",The gold document specifies using 'actor_id' instead of 'user_email' to avoid exposing emails.,0.010273
40,qst_0234::semantic,40000,raw,False,False,True,y,,"Increase traffic in doubling increments (10% -> 20% -> 40% -> 80% -> 100%), waiting for stable telemetry after each step (minimum 24 hours).","The gold document provides a detailed traffic ramp schedule and stabilization wait time, answering the question.",0.01342
41,qst_0234::semantic,100000,meta,False,False,True,y,,"Increase traffic in doubling increments (10% -> 20% -> 40% -> 80% -> 100%), waiting for stable telemetry after each step (minimum 24 hours).","The gold document provides a detailed traffic ramp schedule including stabilization waits, matching the question requirements.",0.013182
42,qst_0238::semantic,15000,meta,False,False,True,y,,Hypothesis: providing 1–2 contrapositive exemplars (deliberate bad outputs + short rationale why they are bad) will increase model calibration around the instruction boundaries and reduce brittle generalization.,"The gold document outlines a method for structuring prompt experiments with contrapositive examples, which answers the question.",0.011632
43,qst_0239::semantic,20000,meta,False,False,True,y,,'We need SOC2 evidence before expanding beyond POC.' — CTO Maya Lin - 'SSO + audit logs are blockers for our compliance team.' — Head of Ops,The gold document specifies SOC2 evidence and SSO + audit logs as compliance items needed before moving past the pilot phase.,0.009608
44,qst_0240::semantic,40000,raw,False,False,True,y,,"Initial triage shows that the rate-limiter's burst evaluation enters a transient jitter state when epoch anchors between proxy, orchestrator, and host-level rate controllers disagree.",The gold document explains the cause of bursty requests and service unavailability during multi-region switchovers.,0.01104
45,qst_0240::semantic,75000,meta,False,False,True,y,,"Initial triage shows that the rate-limiter's burst evaluation enters a transient jitter state when epoch anchors between proxy, orchestrator, and host-level rate controllers disagree.",The gold document explains the cause of bursty requests and service unavailability during multi-region failovers.,0.010625
46,qst_0242::semantic,10000,raw,False,False,True,y,,HaloTech to run AMI security QA (Liam) target 2025-03-24.,"The gold document specifies the target date for the security smoke test as March 24, 2025.",0.01573
47,qst_0251::semantic,15000,raw,False,False,True,y,,"embedding throughput ~400 qps peak during batch windows (they plan parallel workers), semantic search end-to-end latency target <150ms for top-10 retrieval + re-rank.",The gold document provides the performance targets for the overnight vectorization run and interactive response time.,0.009713
48,qst_0251::semantic,25000,raw,False,False,True,y,,"embedding throughput ~400 qps peak during batch windows (they plan parallel workers), semantic search end-to-end latency target <150ms for top-10 retrieval + re-rank.",The gold document provides the performance targets for vectorization and response time.,0.009745
49,qst_0251::semantic,100000,meta,False,False,True,y,,"Throughput targets: embedding throughput ~400 qps peak during batch windows (they plan parallel workers), semantic search end-to-end latency target <150ms for top-10 retrieval + re-rank.",The gold document provides the performance targets for the overnight vectorization run and interactive response time.,0.009845
50,qst_0252::semantic,15000,raw,False,False,True,y,,"If incident meets ALL of the following, use DPM: single-tenant, <30 minutes customer-visible impact, known cause, effective mitigation applied at resolution.",The gold document provides the criteria for using a Deferred Postmortem instead of a full analysis.,0.012762
51,qst_0252::semantic,50000,meta,False,False,True,y,,"If incident meets ALL of the following, use DPM: single-tenant, <30 minutes customer-visible impact, known cause, effective mitigation applied at resolution.",The gold document provides the criteria for using a Deferred Postmortem instead of a full postmortem.,0.012553
52,qst_0265::semantic,5000,raw,False,False,True,y,,Historical dashboard panels show stale counts and lose trace links after retention compaction warmup,"The gold document explains the issue of stale or zeroed values and missing trace links due to retention compaction warmup, which aligns with the question.",0.011562
53,qst_0265::semantic,20000,meta,False,False,True,y,,Historical dashboard panels show stale counts and lose trace links after retention compaction warmup,"The gold document explains the issue of stale counts and missing trace links due to retention compaction warmup, which aligns with the question.",0.011428
54,qst_0268::semantic,10000,meta,False,False,True,y,,"Root cause: interaction between a kernel-selection optimization and KV compaction behavior on serving nodes caused transient session state loss for long chat contexts, leading to token reordering.",The gold document clearly identifies the root cause of the incident as a kernel-selection optimization interacting with KV compaction.,0.011533
55,qst_0268::semantic,75000,meta,False,False,True,y,,"Root cause: interaction between a kernel-selection optimization and KV compaction behavior on serving nodes caused transient session state loss for long chat contexts, leading to token reordering.",The gold document clearly identifies the root cause of the incident as the interaction between kernel-selection optimization and KV compaction behavior.,0.011598
56,qst_0310::intra_document_reasoning,100000,meta,False,False,True,y,,"Attendees: Samir Patel (Redwood AE), Lila Novak (Redwood SE), Diego Ramos (Redwood), Marco Rivera (Aurelia CTO), Priya Singh (Aurelia NetOps), Ethan Cole (Aurelia SRE)

...pre-soak check on 2026-10-06 and a full post-soak review on 2026-10-08.",The gold document provides the attendees and the scheduled checkpoint meetings with dates.,0.017435
57,qst_0349::project_related,75000,raw,False,False,True,y,,"Root cause found: lifecycle-trigger eu-west deployment is pointing to the us-east event bus endpoint (legacy), which rejects cross-region auth. Errors were being logged but not surfaced in dashboards.",The gold document explains the cause and fix for the EU-West onboarding email issue.,0.019043
58,qst_0391::constrained,25000,raw,False,False,True,y,,"Root cause: an unintended change to a per-connection TTL/keepalive config combined with an edge buffer write-stall bug in the streaming proxy, which caused head-of-line stalls and backlog amplification under normal traffic spikes.",The gold document provides a detailed explanation of the root cause and immediate mitigations for the API incident.,0.01323
59,qst_0423::conflicting_info,100000,raw,False,False,True,y,,Security requested we export access logs for the last 12 months (not 18) for the initial cross-check; they will expand the window only if anomalies are found.,"The gold document specifies exporting 12 months of access logs, which answers the question.",0.011425
60,qst_0444::completeness,10000,raw,False,False,False,y,,,"The gold document does not fully answer the question about the end-to-end process, including post-launch monitoring.",0.01793
61,qst_0448::completeness,75000,meta,False,False,True,y,,"QuantaGov only: payload 180 days, metadata 365 days.","The gold document provides specific exceptions for QuantaGov and Helio Health, answering the question.",0.015338
62,qst_0470::miscellaneous,100000,raw,False,False,True,y,,"Techniques: pin recent active conversations to same GPU, use LRU eviction tuned by sequence length, and optionally offload cold-kv to host memory with on-demand fetching.","The gold document discusses strategies to reduce cold misses in KV cache for long chat histories, which answers the question.",0.012703
